User_Id,Location,Age,Username,Email,Password
1,"Semarang, Jawa Tengah",20,betty2631,betty2631@gmail.com,8(-9~3z{
2,"Bekasi, Jawa Barat",21,robert8202,robert8202@gmail.com,Nc3NkDRO
3,"Cirebon, Jawa Barat",23,linda1311,linda1311@gmail.com,WdM81f;}
4,"Bekasi, Jawa Barat",21,jane7052,jane7052@gmail.com,E:VzF}!C
5,"Lampung, Sumatera Selatan",20,susan9844,susan9844@gmail.com,B3Vd0K=r
6,"Jakarta Utara, DKI Jakarta",18,amy4842,amy4842@gmail.com,x\;8&Rb)
7,"Jakarta Selatan, DKI Jakarta",39,karen2310,karen2310@gmail.com,+XD_3[b)
8,"Bandung, Jawa Barat",40,susan3731,susan3731@gmail.com,"+IB,C[*+"
9,"Surabaya, Jawa Timur",38,rangga6255,rangga6255@gmail.com,WAzmrw6R
10,"Bekasi, Jawa Barat",39,steve1107,steve1107@gmail.com,j)F{`|Zi
11,"Yogyakarta, DIY",20,alex5437,alex5437@gmail.com,d:`cYet#
12,"Bogor, Jawa Barat",37,susan3990,susan3990@gmail.com,#Xwxo0L$
13,"Depok, Jawa Barat",18,david1216,david1216@gmail.com,3:Ls%p`=
14,"Jakarta Pusat, DKI Jakarta",26,rangga4519,rangga4519@gmail.com,<k-\Gkr`
15,"Jakarta Timur, DKI Jakarta",34,levina7968,levina7968@gmail.com,tr:R-klx
16,"Bekasi, Jawa Barat",40,kevin6646,kevin6646@gmail.com,k&lF6eZ:
17,"Semarang, Jawa Tengah",31,paul6007,paul6007@gmail.com,QIhl>k<r
18,"Yogyakarta, DIY",39,betty2354,betty2354@gmail.com,(v!Y\9K=
19,"Cirebon, Jawa Barat",26,linda9830,linda9830@gmail.com,tl<lw|aO
20,"Lampung, Sumatera Selatan",30,rangga6473,rangga6473@gmail.com,}NlgzQ<r
21,"Semarang, Jawa Tengah",30,hamid9854,hamid9854@gmail.com,$J3;}3Gz
22,"Subang, Jawa Barat",25,kevin1879,kevin1879@gmail.com,+GL0>@kj
23,"Jakarta Barat, DKI Jakarta",37,steve2090,steve2090@gmail.com,~ylYM6%+
24,"Bekasi, Jawa Barat",36,karen1125,karen1125@gmail.com,7?}C>/j&
25,"Lampung, Sumatera Selatan",40,rangga6362,rangga6362@gmail.com,MMB8\Oih
26,"Palembang, Sumatera Selatan",38,kevin3026,kevin3026@gmail.com,'[kdZP.+
27,"Bogor, Jawa Barat",22,linda9344,linda9344@gmail.com,8%Lbrm&i
28,"Sragen, Jawa Tengah",38,kevin7821,kevin7821@gmail.com,>~m>aMeM
29,"Ponorogo, Jawa Timur",34,amy1048,amy1048@gmail.com,"M\nj\""g="
30,"Depok, Jawa Barat",30,paul2709,paul2709@gmail.com,a>-Uz10+
31,"Jakarta Selatan, DKI Jakarta",26,hamid5924,hamid5924@gmail.com,"N[X""r,dW"
32,"Bekasi, Jawa Barat",34,rangga7905,rangga7905@gmail.com,"d@F,ynP2"
33,"Ponorogo, Jawa Timur",24,hamid4012,hamid4012@gmail.com,@!Gb]!$p
34,"Sragen, Jawa Tengah",31,sarah2652,sarah2652@gmail.com,>{}9NkA?
35,"Klaten, Jawa Tengah",24,jane3411,jane3411@gmail.com,<XnJ#enP
36,"Solo, Jawa Tengah",20,jane9661,jane9661@gmail.com,q`-(q/h(
37,"Tanggerang, Banten",21,jane5365,jane5365@gmail.com,%t$My4r}
38,"Serang, Banten",26,paul2129,paul2129@gmail.com,[o;H5:@c
39,"Cilacap, Jawa Tengah",32,mike4617,mike4617@gmail.com,Qi3U<'bC
40,"Semarang, Jawa Tengah",27,paul3692,paul3692@gmail.com,:[FRQ[lV
41,"Yogyakarta, DIY",24,kevin7942,kevin7942@gmail.com,F;$I6pLx
42,"Kota Gede, DIY",37,jane4014,jane4014@gmail.com,R-EbT0iy
43,"Cirebon, Jawa Barat",33,robert3006,robert3006@gmail.com,"6""%{H$n-"
44,"Subang, Jawa Barat",21,robert1116,robert1116@gmail.com,\+NGFT[v
45,"Karawang, Jawa Barat",25,amy4768,amy4768@gmail.com,pwQz71v6
46,"Purwakarat, Jawa Barat",38,rangga3317,rangga3317@gmail.com,4z-g-eZ3
47,"Jakarta Utara, DKI Jakarta",31,karen6236,karen6236@gmail.com,"{M,m2}'$"
48,"Jakarta Selatan, DKI Jakarta",35,hamid9469,hamid9469@gmail.com,+}Ke\$C1
49,"Jakarta Pusat, DKI Jakarta",24,hamid5115,hamid5115@gmail.com,Z;Bfz=Z^
50,"Bekasi, Jawa Barat",19,karen3991,karen3991@gmail.com,iF0Ki)TU
51,"Bogor, Jawa Barat",29,john8764,john8764@gmail.com,:}n;s.~a
52,"Karawang, Jawa Barat",18,laura3862,laura3862@gmail.com,3-[~#|Ir
53,"Subang, Jawa Barat",28,kevin6027,kevin6027@gmail.com,an=r@MYv
54,"Serang, Banten",31,alex8030,alex8030@gmail.com,seew-})6
55,"Tanggerang, Banten",19,rangga6093,rangga6093@gmail.com,dbZ5Rv>(
56,"Kota Gede, DIY",18,laura4509,laura4509@gmail.com,Zwkk*pF3
57,"Yogyakarta, DIY",21,amy2509,amy2509@gmail.com,Xw4&7UH&
58,"Lampung, Sumatera Selatan",21,linda3528,linda3528@gmail.com,UR\@r_J$
59,"Ponorogo, Jawa Timur",26,hamid1990,hamid1990@gmail.com,ap@\HUa#
60,"Surabaya, Jawa Timur",25,sarah3318,sarah3318@gmail.com,CM1XuF=l
61,"Nganjuk, Jawa Timur",23,levina8400,levina8400@gmail.com,/HNp8!kv
62,"Madura, Jawa Timur",36,paul1640,paul1640@gmail.com,LyiJ3H-4
63,"Semarang, Jawa Tengah",35,rangga9784,rangga9784@gmail.com,l'A(p\>;
64,"Bandung, Jawa Barat",38,john6409,john6409@gmail.com,;sis+<Dm
65,"Yogyakarta, DIY",22,betty1184,betty1184@gmail.com,)&dUbr{|
66,"Bekasi, Jawa Barat",33,sarah6442,sarah6442@gmail.com,z8Jpeo7\
67,"Surabaya, Jawa Timur",25,hamid4500,hamid4500@gmail.com,LLec@F|u
68,"Kota Gede, DIY",37,kevin7030,kevin7030@gmail.com,SE5i?1XV
69,"Bekasi, Jawa Barat",24,linda1036,linda1036@gmail.com,",7;i!?|L"
70,"Bogor, Jawa Barat",21,paul9394,paul9394@gmail.com,!ilIRngQ
71,"Depok, Jawa Barat",39,hamid9029,hamid9029@gmail.com,E^VJYT{D
72,"Tanggerang, Banten",19,alex9781,alex9781@gmail.com,d|kA40}!
73,"Serang, Banten",29,linda7210,linda7210@gmail.com,"t,-i%J&("
74,"Semarang, Jawa Tengah",30,mike2989,mike2989@gmail.com,?w#'ll~|
75,"Bekasi, Jawa Barat",19,betty2638,betty2638@gmail.com,ZexGv@Oy
76,"Cirebon, Jawa Barat",19,betty6956,betty6956@gmail.com,jZk]7v.n
77,"Bekasi, Jawa Barat",34,mike6313,mike6313@gmail.com,"Q@nJ,CYB"
78,"Lampung, Sumatera Selatan",22,hamid1928,hamid1928@gmail.com,S=@}*wSE
79,"Jakarta Utara, DKI Jakarta",31,kevin8813,kevin8813@gmail.com,s9P9>rLd
80,"Jakarta Selatan, DKI Jakarta",32,levina4955,levina4955@gmail.com,GW9Q4UwH
81,"Bandung, Jawa Barat",29,paul7875,paul7875@gmail.com,[T?BfcV'
82,"Surabaya, Jawa Timur",24,paul8932,paul8932@gmail.com,Wi!tZW_<
83,"Bekasi, Jawa Barat",32,laura1815,laura1815@gmail.com,ZHPJw_]{
84,"Yogyakarta, DIY",35,laura3670,laura3670@gmail.com,"RdcZDd""q"
85,"Bogor, Jawa Barat",31,mike4973,mike4973@gmail.com,"35'Gf`""!"
86,"Depok, Jawa Barat",32,steve1275,steve1275@gmail.com,B}6.rNTP
87,"Jakarta Pusat, DKI Jakarta",30,david1940,david1940@gmail.com,[-P=dPc{
88,"Jakarta Timur, DKI Jakarta",27,steve2767,steve2767@gmail.com,"{}P},|#@"
89,"Bekasi, Jawa Barat",35,levina8352,levina8352@gmail.com,4Y]IDA=W
90,"Semarang, Jawa Tengah",29,mike9262,mike9262@gmail.com,l)L:R8;a
91,"Yogyakarta, DIY",32,susan6931,susan6931@gmail.com,X=-IOp<t
92,"Cirebon, Jawa Barat",39,sarah3711,sarah3711@gmail.com,{PkzdSp6
93,"Lampung, Sumatera Selatan",18,betty2659,betty2659@gmail.com,Dr2rRIT3
94,"Semarang, Jawa Tengah",34,karen8961,karen8961@gmail.com,3xo@-xfM
95,"Subang, Jawa Barat",27,mike5330,mike5330@gmail.com,"IS[>2?3,"
96,"Jakarta Barat, DKI Jakarta",19,levina7314,levina7314@gmail.com,68_#|_|7
97,"Bekasi, Jawa Barat",38,paul6048,paul6048@gmail.com,T`=+X_YL
98,"Lampung, Sumatera Selatan",28,sarah3576,sarah3576@gmail.com,Jk?[o54I
99,"Palembang, Sumatera Selatan",33,kevin7716,kevin7716@gmail.com,9a_fs2/_
100,"Bogor, Jawa Barat",28,laura4741,laura4741@gmail.com,x_~9&X*}
101,"Sragen, Jawa Tengah",39,laura8418,laura8418@gmail.com,Iu?[~>RJ
102,"Ponorogo, Jawa Timur",21,betty2492,betty2492@gmail.com,{UiVPcd`
103,"Depok, Jawa Barat",30,robert4374,robert4374@gmail.com,C~kSM):Z
104,"Jakarta Selatan, DKI Jakarta",27,laura7427,laura7427@gmail.com,.pmf5\S|
105,"Bekasi, Jawa Barat",37,david7341,david7341@gmail.com,(Jfz53V>
106,"Ponorogo, Jawa Timur",32,rangga5210,rangga5210@gmail.com,1je6Amn^
107,"Sragen, Jawa Tengah",24,karen8778,karen8778@gmail.com,`:?a1>QB
108,"Klaten, Jawa Tengah",33,mike6259,mike6259@gmail.com,R|MBmF^5
109,"Solo, Jawa Tengah",18,susan2857,susan2857@gmail.com,qT%)Ddxx
110,"Tanggerang, Banten",39,amy9722,amy9722@gmail.com,SCH@tPKO
111,"Serang, Banten",38,alex8543,alex8543@gmail.com,[*ywU)0V
112,"Cilacap, Jawa Tengah",18,john5626,john5626@gmail.com,YuQbO4vN
113,"Semarang, Jawa Tengah",38,sarah1733,sarah1733@gmail.com,NYtOBH5z
114,"Yogyakarta, DIY",39,david4603,david4603@gmail.com,R<rXr5{p
115,"Kota Gede, DIY",26,laura9825,laura9825@gmail.com,HO82_Vc/
116,"Cirebon, Jawa Barat",23,paul8907,paul8907@gmail.com,.RLch;iQ
117,"Subang, Jawa Barat",30,david6848,david6848@gmail.com,P81.[w\Q
118,"Karawang, Jawa Barat",32,levina8132,levina8132@gmail.com,{|VY$)4<
119,"Purwakarat, Jawa Barat",25,david1709,david1709@gmail.com,OdftF9xb
120,"Jakarta Utara, DKI Jakarta",32,linda4310,linda4310@gmail.com,\wwE1s*0
121,"Jakarta Selatan, DKI Jakarta",35,steve9090,steve9090@gmail.com,]O:&A8im
122,"Jakarta Pusat, DKI Jakarta",24,steve7382,steve7382@gmail.com,l:hmJ<f3
123,"Bekasi, Jawa Barat",32,karen2705,karen2705@gmail.com,<]8:w#Eu
124,"Bogor, Jawa Barat",22,susan6506,susan6506@gmail.com,"7vG-!""%p"
125,"Karawang, Jawa Barat",24,alex9499,alex9499@gmail.com,"TOy(""wGQ"
126,"Subang, Jawa Barat",32,steve8229,steve8229@gmail.com,":';YGGd"""
127,"Serang, Banten",38,laura5367,laura5367@gmail.com,"^:wC\""})"
128,"Tanggerang, Banten",28,laura4839,laura4839@gmail.com,3Ie({R-K
129,"Kota Gede, DIY",29,paul7205,paul7205@gmail.com,+&js6T#B
130,"Yogyakarta, DIY",27,steve3245,steve3245@gmail.com,MKZGE-X[
131,"Lampung, Sumatera Selatan",21,levina3375,levina3375@gmail.com,U3h@I^:o
132,"Ponorogo, Jawa Timur",31,robert9025,robert9025@gmail.com,(~[!u$bc
133,"Surabaya, Jawa Timur",29,paul5263,paul5263@gmail.com,NRDPIDT:
134,"Nganjuk, Jawa Timur",27,amy2488,amy2488@gmail.com,iVz1g:2H
135,"Madura, Jawa Timur",22,mike4050,mike4050@gmail.com,(l=S-T~<
136,"Semarang, Jawa Tengah",35,betty4131,betty4131@gmail.com,"WivNN""Mv"
137,"Bandung, Jawa Barat",28,jane8278,jane8278@gmail.com,B-F:NL=M
138,"Yogyakarta, DIY",25,robert6740,robert6740@gmail.com,"E6KL\""h="
139,"Bekasi, Jawa Barat",33,linda6081,linda6081@gmail.com,"""u!A.xy7"
140,"Surabaya, Jawa Timur",25,levina5227,levina5227@gmail.com,lB2uA&(&
141,"Kota Gede, DIY",34,jane8956,jane8956@gmail.com,nq_bs+qU
142,"Bekasi, Jawa Barat",29,hamid3718,hamid3718@gmail.com,=Y?K7EHn
143,"Bogor, Jawa Barat",25,kevin3174,kevin3174@gmail.com,Ko0y}Juy
144,"Depok, Jawa Barat",18,jane9191,jane9191@gmail.com,|>(CUT?q
145,"Tanggerang, Banten",37,linda2185,linda2185@gmail.com,"h\KB4X0"""
146,"Serang, Banten",38,laura4372,laura4372@gmail.com,twEA@Yjq
147,"Semarang, Jawa Tengah",18,paul6228,paul6228@gmail.com,7{!&Q0xl
148,"Bekasi, Jawa Barat",33,hamid3868,hamid3868@gmail.com,Bm?VL?<+
149,"Cirebon, Jawa Barat",30,susan2445,susan2445@gmail.com,rs(2`!{]
150,"Bekasi, Jawa Barat",40,mike4768,mike4768@gmail.com,Nl&%'~oI
151,"Lampung, Sumatera Selatan",36,laura7212,laura7212@gmail.com,Xk8n7FYu
152,"Jakarta Utara, DKI Jakarta",25,amy8988,amy8988@gmail.com,Bxc2t?}&
153,"Jakarta Selatan, DKI Jakarta",39,karen2530,karen2530@gmail.com,fz&UM2ea
154,"Bandung, Jawa Barat",31,betty3050,betty3050@gmail.com,5>`dy9{@
155,"Surabaya, Jawa Timur",37,laura3972,laura3972@gmail.com,VcyEqHZC
156,"Bekasi, Jawa Barat",31,linda5275,linda5275@gmail.com,uYQLcpN*
157,"Yogyakarta, DIY",28,rangga9780,rangga9780@gmail.com,JWsO2J+O
158,"Bogor, Jawa Barat",23,steve8103,steve8103@gmail.com,"O""W:e*f<"
159,"Depok, Jawa Barat",20,hamid7182,hamid7182@gmail.com,`2uGPijP
160,"Jakarta Pusat, DKI Jakarta",36,karen2998,karen2998@gmail.com,Nrc2ba3s
161,"Jakarta Timur, DKI Jakarta",33,jane8294,jane8294@gmail.com,CBD4lgzk
162,"Bekasi, Jawa Barat",25,alex2233,alex2233@gmail.com,^\t%(grH
163,"Semarang, Jawa Tengah",40,susan7469,susan7469@gmail.com,}!gea/}F
164,"Yogyakarta, DIY",19,alex4039,alex4039@gmail.com,#X47um*C
165,"Cirebon, Jawa Barat",23,john7600,john7600@gmail.com,mDDd?@w'
166,"Lampung, Sumatera Selatan",26,levina6656,levina6656@gmail.com,BO!7@ON%
167,"Semarang, Jawa Tengah",19,david8811,david8811@gmail.com,DTaD02-G
168,"Subang, Jawa Barat",38,hamid1723,hamid1723@gmail.com,"Uxw,I%C$"
169,"Jakarta Barat, DKI Jakarta",18,levina8250,levina8250@gmail.com,f=lL>HiI
170,"Bekasi, Jawa Barat",19,rangga1607,rangga1607@gmail.com,`jLeGj'h
171,"Lampung, Sumatera Selatan",33,susan2300,susan2300@gmail.com,Sfvl3uOt
172,"Palembang, Sumatera Selatan",34,karen4882,karen4882@gmail.com,%8\afnh8
173,"Bogor, Jawa Barat",29,robert3417,robert3417@gmail.com,";&/`N""gX"
174,"Sragen, Jawa Tengah",32,linda1518,linda1518@gmail.com,8Jko)/d)
175,"Ponorogo, Jawa Timur",36,david4694,david4694@gmail.com,)ACIALvV
176,"Depok, Jawa Barat",31,robert8648,robert8648@gmail.com,"""qe1:/3Z"
177,"Jakarta Selatan, DKI Jakarta",35,laura4188,laura4188@gmail.com,9/<L_X8o
178,"Bekasi, Jawa Barat",33,laura6955,laura6955@gmail.com,a5y'[hFc
179,"Ponorogo, Jawa Timur",27,steve2289,steve2289@gmail.com,m6UXWE0k
180,"Sragen, Jawa Tengah",24,betty9379,betty9379@gmail.com,Xr<5g#Cf
181,"Klaten, Jawa Tengah",29,rangga9636,rangga9636@gmail.com,'x&>z:u3
182,"Solo, Jawa Tengah",34,paul3933,paul3933@gmail.com,\AR2\5I8
183,"Tanggerang, Banten",37,alex4603,alex4603@gmail.com,"%r""~C=Ut"
184,"Serang, Banten",30,susan7993,susan7993@gmail.com,pMFVKJQ@
185,"Cilacap, Jawa Tengah",33,jane4524,jane4524@gmail.com,r3DxV1+E
186,"Semarang, Jawa Tengah",28,jane9900,jane9900@gmail.com,r6`bPYEW
187,"Yogyakarta, DIY",25,betty6852,betty6852@gmail.com,_d-JEBmj
188,"Kota Gede, DIY",37,linda6612,linda6612@gmail.com,uJ4*UyC1
189,"Cirebon, Jawa Barat",21,steve6321,steve6321@gmail.com,Euwv'3<=
190,"Subang, Jawa Barat",18,laura5962,laura5962@gmail.com,f:QF~P{;
191,"Karawang, Jawa Barat",32,paul6664,paul6664@gmail.com,qY\[EV?F
192,"Purwakarat, Jawa Barat",37,levina9359,levina9359@gmail.com,pGCLuT+1
193,"Jakarta Utara, DKI Jakarta",20,sarah6397,sarah6397@gmail.com,5+'+zl{c
194,"Jakarta Selatan, DKI Jakarta",31,david5230,david5230@gmail.com,sO=J~988
195,"Jakarta Pusat, DKI Jakarta",29,mike6805,mike6805@gmail.com,+8D`1%u`
196,"Bekasi, Jawa Barat",28,rangga9480,rangga9480@gmail.com,&MF<CE6y
197,"Bogor, Jawa Barat",27,hamid7017,hamid7017@gmail.com,3rQ#U*Qa
198,"Karawang, Jawa Barat",26,susan2223,susan2223@gmail.com,fzCqq_\^
199,"Subang, Jawa Barat",18,robert7975,robert7975@gmail.com,/+C0|\X&
200,"Serang, Banten",34,robert6076,robert6076@gmail.com,^O|t#j[M
201,"Bekasi, Jawa Barat",21,hamid5346,hamid5346@gmail.com,PD0!kQuP
202,"Lampung, Sumatera Selatan",21,robert7106,robert7106@gmail.com,NU\vx?XI
203,"Jakarta Utara, DKI Jakarta",24,david4469,david4469@gmail.com,z'o#&uJ$
204,"Jakarta Selatan, DKI Jakarta",21,steve5759,steve5759@gmail.com,xoj2B`y?
205,"Bandung, Jawa Barat",24,susan7575,susan7575@gmail.com,}<+KK_9F
206,"Surabaya, Jawa Timur",30,levina1229,levina1229@gmail.com,"fu]A?""6F"
207,"Bekasi, Jawa Barat",20,david8478,david8478@gmail.com,3L;a20t/
208,"Yogyakarta, DIY",27,amy3758,amy3758@gmail.com,"2_0""In3z"
209,"Bogor, Jawa Barat",19,jane5374,jane5374@gmail.com,vsK%oB{y
210,"Depok, Jawa Barat",18,levina5395,levina5395@gmail.com,wr.%f]:b
211,"Jakarta Pusat, DKI Jakarta",22,susan3334,susan3334@gmail.com,j7o0|LqY
212,"Jakarta Timur, DKI Jakarta",28,mike6427,mike6427@gmail.com,RCS{J85@
213,"Bekasi, Jawa Barat",20,alex6337,alex6337@gmail.com,b)SmJ?=_
214,"Semarang, Jawa Tengah",30,laura2705,laura2705@gmail.com,N:f.'/=N
215,"Yogyakarta, DIY",23,jane5793,jane5793@gmail.com,oYI9C@`q
216,"Cirebon, Jawa Barat",28,laura2896,laura2896@gmail.com,"#""tC>2s="
217,"Lampung, Sumatera Selatan",20,john1714,john1714@gmail.com,h3;JE$Zl
218,"Semarang, Jawa Tengah",29,betty9019,betty9019@gmail.com,D?FZ('LQ
219,"Subang, Jawa Barat",24,paul6062,paul6062@gmail.com,"l?T,9:Im"
220,"Jakarta Barat, DKI Jakarta",23,amy7314,amy7314@gmail.com,uEPxCG2y
221,"Bekasi, Jawa Barat",30,susan7961,susan7961@gmail.com,yAF]Qd{d
222,"Lampung, Sumatera Selatan",30,karen6112,karen6112@gmail.com,IQi_bMgv
223,"Palembang, Sumatera Selatan",20,linda3753,linda3753@gmail.com,AXQHO=p6
224,"Bogor, Jawa Barat",28,amy6019,amy6019@gmail.com,`VSyPQb\
225,"Sragen, Jawa Tengah",19,amy8914,amy8914@gmail.com,/6?a4`4q
226,"Ponorogo, Jawa Timur",23,linda4341,linda4341@gmail.com,hQeS^hp-
227,"Depok, Jawa Barat",25,john3060,john3060@gmail.com,"z!<-,)]{"
228,"Jakarta Selatan, DKI Jakarta",18,karen4745,karen4745@gmail.com,k[spX?K~
229,"Bekasi, Jawa Barat",20,jane4771,jane4771@gmail.com,73i[3AmX
230,"Ponorogo, Jawa Timur",20,karen9014,karen9014@gmail.com,Y^^mih@;
231,"Sragen, Jawa Tengah",28,alex6511,alex6511@gmail.com,'?7NETku
232,"Klaten, Jawa Tengah",30,john7242,john7242@gmail.com,8OX|BS{;
233,"Solo, Jawa Tengah",23,susan2018,susan2018@gmail.com,Cibvq5&_
234,"Tanggerang, Banten",27,karen5360,karen5360@gmail.com,RPzal&$h
235,"Serang, Banten",18,rangga1681,rangga1681@gmail.com,T'0;ZXhO
236,"Cilacap, Jawa Tengah",23,sarah1693,sarah1693@gmail.com,iA01G~mc
237,"Semarang, Jawa Tengah",20,rangga3066,rangga3066@gmail.com,pHon!xdq
238,"Yogyakarta, DIY",30,betty9600,betty9600@gmail.com,'pmykgsH
239,"Kota Gede, DIY",23,david9148,david9148@gmail.com,5xShhMt/
240,"Cirebon, Jawa Barat",22,david4252,david4252@gmail.com,G^;9.!8L
241,"Subang, Jawa Barat",20,karen1489,karen1489@gmail.com,#mdJOFu>
242,"Karawang, Jawa Barat",20,levina2772,levina2772@gmail.com,",qF3m&Wy"
243,"Purwakarat, Jawa Barat",20,paul2021,paul2021@gmail.com,MT&J(v]e
244,"Jakarta Utara, DKI Jakarta",27,robert2987,robert2987@gmail.com,=33[j.T:
245,"Jakarta Selatan, DKI Jakarta",27,laura9599,laura9599@gmail.com,Ba_|f!5Y
246,"Jakarta Pusat, DKI Jakarta",28,steve5965,steve5965@gmail.com,jY-GH9lz
247,"Bekasi, Jawa Barat",28,laura4127,laura4127@gmail.com,##=>^l}j
248,"Bogor, Jawa Barat",29,hamid8316,hamid8316@gmail.com,"J""SYja{t"
249,"Karawang, Jawa Barat",19,levina9816,levina9816@gmail.com,"]&kpa""AW"
250,"Subang, Jawa Barat",27,steve1414,steve1414@gmail.com,Y3r2%z&/
251,"Semarang, Jawa Tengah",29,mike7702,mike7702@gmail.com,Q\}ZN4$)
252,"Bekasi, Jawa Barat",30,mike3349,mike3349@gmail.com,";`.Yv6,Q"
253,"Cirebon, Jawa Barat",34,kevin9122,kevin9122@gmail.com,U=okIg&M
254,"Bekasi, Jawa Barat",34,amy6682,amy6682@gmail.com,;q^hP6zs
255,"Lampung, Sumatera Selatan",30,jane4174,jane4174@gmail.com,0i7p&O\?
256,"Jakarta Utara, DKI Jakarta",39,laura5405,laura5405@gmail.com,f}jH&^ZA
257,"Jakarta Selatan, DKI Jakarta",25,laura9053,laura9053@gmail.com,"S|>#""J(;"
258,"Bandung, Jawa Barat",38,mike6644,mike6644@gmail.com,N%;V^uDG
259,"Surabaya, Jawa Timur",27,sarah1682,sarah1682@gmail.com,*Pc6efTT
260,"Bekasi, Jawa Barat",33,amy9780,amy9780@gmail.com,.jfEfp>S
261,"Yogyakarta, DIY",38,karen3914,karen3914@gmail.com,(pHN@af;
262,"Bogor, Jawa Barat",38,jane4636,jane4636@gmail.com,n>(dwVqw
263,"Depok, Jawa Barat",27,karen4744,karen4744@gmail.com,"F$qY,$Wv"
264,"Jakarta Pusat, DKI Jakarta",37,mike8377,mike8377@gmail.com,+siH/YLi
265,"Jakarta Timur, DKI Jakarta",30,jane1966,jane1966@gmail.com,3t7as#f)
266,"Bekasi, Jawa Barat",32,steve6124,steve6124@gmail.com,p-q\'Kk-
267,"Semarang, Jawa Tengah",31,betty9930,betty9930@gmail.com,"T""v*pGhg"
268,"Yogyakarta, DIY",32,susan3055,susan3055@gmail.com,"{""K!^F'L"
269,"Cirebon, Jawa Barat",36,paul5761,paul5761@gmail.com,poGG]N2|
270,"Lampung, Sumatera Selatan",25,robert9158,robert9158@gmail.com,"jf5,p#~w"
271,"Semarang, Jawa Tengah",37,sarah4625,sarah4625@gmail.com,"FN5T&.,P"
272,"Subang, Jawa Barat",30,laura1630,laura1630@gmail.com,/Pe]PTfg
273,"Jakarta Barat, DKI Jakarta",33,alex8149,alex8149@gmail.com,|H6A^27c
274,"Bekasi, Jawa Barat",38,alex7853,alex7853@gmail.com,W8{yXd25
275,"Lampung, Sumatera Selatan",34,linda3443,linda3443@gmail.com,M+&Ad3~=
276,"Lampung, Sumatera Selatan",39,robert7423,robert7423@gmail.com,"00&jDs8"""
277,"Jakarta Utara, DKI Jakarta",29,john4382,john4382@gmail.com,"s,asl,w%"
278,"Jakarta Selatan, DKI Jakarta",40,amy8859,amy8859@gmail.com,"b}5bG8o"""
279,"Bandung, Jawa Barat",28,betty2464,betty2464@gmail.com,2RVkYc/&
280,"Surabaya, Jawa Timur",40,jane1661,jane1661@gmail.com,br|[0wx%
281,"Bekasi, Jawa Barat",30,hamid6566,hamid6566@gmail.com,"{FC,j:-a"
282,"Yogyakarta, DIY",39,susan4289,susan4289@gmail.com,'6D7xTHe
283,"Bogor, Jawa Barat",37,karen3844,karen3844@gmail.com,b`64N@|[
284,"Depok, Jawa Barat",29,hamid1233,hamid1233@gmail.com,WRsAAYzz
285,"Jakarta Pusat, DKI Jakarta",29,hamid7993,hamid7993@gmail.com,|^E|JGAI
286,"Jakarta Timur, DKI Jakarta",35,rangga9227,rangga9227@gmail.com,",L]@o?D|"
287,"Bekasi, Jawa Barat",27,mike5107,mike5107@gmail.com,QxC9*YO|
288,"Semarang, Jawa Tengah",30,betty9761,betty9761@gmail.com,]fXpGiTc
289,"Yogyakarta, DIY",35,laura9272,laura9272@gmail.com,d`O(Dp=f
290,"Cirebon, Jawa Barat",34,amy9603,amy9603@gmail.com,(<dU1%{p
291,"Lampung, Sumatera Selatan",25,alex5957,alex5957@gmail.com,"V=~NY/""}"
292,"Semarang, Jawa Tengah",29,kevin1726,kevin1726@gmail.com,Wj22OS@e
293,"Subang, Jawa Barat",34,jane1181,jane1181@gmail.com,gns*ktX1
294,"Jakarta Barat, DKI Jakarta",28,levina7999,levina7999@gmail.com,"w}<,nqZS"
295,"Bekasi, Jawa Barat",31,sarah2171,sarah2171@gmail.com,\P=oSS0[
296,"Lampung, Sumatera Selatan",31,robert6479,robert6479@gmail.com,G;}x{I*M
297,"Palembang, Sumatera Selatan",39,paul6070,paul6070@gmail.com,HI#6oXD3
298,"Bogor, Jawa Barat",38,laura6260,laura6260@gmail.com,CHUEF@V~
299,"Sragen, Jawa Tengah",27,betty2595,betty2595@gmail.com,$Mo~_Uiv
300,"Ponorogo, Jawa Timur",26,david4228,david4228@gmail.com,9~=45n0*
